branch,name,slug_short,slug,cid,parent,nest,verdict,clause,reason
Artificial Intelligence Software,AI Marketing Agents Software,ai-marketing-agents,/categories/ai-marketing-agents,1014023,AI Agents,1,IN,IN-clause,Orchestrates outbound sequences to stored contacts across channels.
Artificial Intelligence Software,Conversational Interface Agents Software,conversational-interface-agents,/categories/conversational-interface-agents,1013461,AI Agents,1,BOUNDARY,"IN-clause, direction disputed",Predominantly inbound response; outbound/triggered capability exists in part of each category.
Artificial Intelligence Software,Conversational AI Survey Platforms,conversational-ai-survey-platforms,/categories/conversational-ai-survey-platforms,1010984,Artificial Intelligence Software,0,OUT,OUT — not outbound orchestration,"Partner, reputation, feedback, content-production or planning functions; no orchestration of communication to stored customer records."
Artificial Intelligence Software,Conversational Intelligence Software,conversational-intelligence,/categories/conversational-intelligence,1524,Artificial Intelligence Software,0,OUT,OUT-clause 1 — analytics/BI,Measurement without activation.
Artificial Intelligence Software,Bot Platforms,bot-platforms,/categories/bot-platforms,1035,Conversational Intelligence Software,1,BOUNDARY,"IN-clause, direction disputed",Predominantly inbound response; outbound/triggered capability exists in part of each category.
Artificial Intelligence Software,Chatbots Software,chatbots,/categories/chatbots,1250,Conversational Intelligence Software,1,BOUNDARY,"IN-clause, direction disputed",Predominantly inbound response; outbound/triggered capability exists in part of each category.
Artificial Intelligence Software,Enterprise AI Chatbots Software,enterprise-ai-chatbots,/categories/enterprise-ai-chatbots,1014122,Artificial Intelligence Software,0,BOUNDARY,"IN-clause, direction disputed",Predominantly inbound response; outbound/triggered capability exists in part of each category.
Artificial Intelligence Software,AI Chatbots Software,ai-chatbots,/categories/ai-chatbots,1005856,Generative AI Software,1,BOUNDARY,"IN-clause, direction disputed",Predominantly inbound response; outbound/triggered capability exists in part of each category.
Ecosystem Service Providers,DataRobot Consulting Services,datarobot-consulting-services,/categories/datarobot-consulting-services,1008766,Ecosystem Service Providers,0,SERVICES,n/a — not software,"G2 catalogues this as a service provider, not a product. Competitor class 3/4 — see the amendment-2 contradiction in the document."
Sales Tools,CRM Software,crm,/categories/crm,179,Sales Tools,0,BOUNDARY,BOUNDARY case 1 — CRM suite carrying a campaign module,Pipeline CRM is explicitly OUT; the same product may carry campaign orchestration. Undecidable from the category name — needs the source's inclusion criteria.
Sales Tools,Through-Channel Marketing Software,through-channel-marketing,/categories/through-channel-marketing,2098,Partnerships Management,1,IN,IN-clause,Orchestrates outbound sequences to stored contacts across channels.
Sales Tools,Demo Automation Software,demo-automation,/categories/demo-automation,1004926,Presales Software,1,OUT,OUT-clause 2 — sales pipeline,Pipeline or sales-productivity tooling without outbound orchestration.
Sales Tools,Email Tracking Software,email-tracking,/categories/email-tracking,271,Sales Acceleration Software,1,OUT,OUT-clause 2 — sales pipeline,Pipeline or sales-productivity tooling without outbound orchestration.
Sales Tools,Outbound Call Tracking Software,outbound-call-tracking,/categories/outbound-call-tracking,628,Sales Acceleration Software,1,OUT,OUT-clause 2 — sales pipeline,Pipeline or sales-productivity tooling without outbound orchestration.
Sales Tools,Sales Engagement Software,sales-engagement,/categories/sales-engagement,1400,Sales Acceleration Software,1,IN,IN-clause,Orchestrates outbound sequences to stored contacts across channels.
Sales Tools,Salesforce CRM Document Generation Software,salesforce-crm-document-generation,/categories/salesforce-crm-document-generation,1119,Sales Acceleration Software,1,OUT,OUT-clause 2 — sales pipeline,Pipeline or sales-productivity tooling without outbound orchestration.
Marketing Services Providers,Affiliate Marketing Companies,affiliate-marketing-agencies,/categories/affiliate-marketing-agencies,2750,Marketing Services Providers,0,SERVICES,n/a — not software,"G2 catalogues this as a service provider, not a product. Competitor class 3/4 — see the amendment-2 contradiction in the document."
Marketing Services Providers,Amazon Marketing Services Providers,amazon-marketing-services,/categories/amazon-marketing-services,1870,Marketing Services Providers,0,SERVICES,n/a — not software,"G2 catalogues this as a service provider, not a product. Competitor class 3/4 — see the amendment-2 contradiction in the document."
Marketing Services Providers,Inbound Marketing Services,inbound-marketing,/categories/inbound-marketing,779,Marketing Services Providers,0,SERVICES,n/a — not software,"G2 catalogues this as a service provider, not a product. Competitor class 3/4 — see the amendment-2 contradiction in the document."
Marketing Services Providers,Content Marketing Agencies,content-marketing-agencies,/categories/content-marketing-agencies,780,Inbound Marketing Services,1,SERVICES,n/a — not software,"G2 catalogues this as a service provider, not a product. Competitor class 3/4 — see the amendment-2 contradiction in the document."
Marketing Services Providers,Search Engine Marketing (SEM) Agencies,search-engine-marketing-sem,/categories/search-engine-marketing-sem,781,Inbound Marketing Services,1,SERVICES,n/a — not software,"G2 catalogues this as a service provider, not a product. Competitor class 3/4 — see the amendment-2 contradiction in the document."
Marketing Services Providers,Social Media Marketing (SMM) Companies,social-media-marketing-smm-companies,/categories/social-media-marketing-smm-companies,784,Inbound Marketing Services,1,SERVICES,n/a — not software,"G2 catalogues this as a service provider, not a product. Competitor class 3/4 — see the amendment-2 contradiction in the document."
Marketing Services Providers,Marketing Analytics Service Providers,marketing-analytics-services,/categories/marketing-analytics-services,1450,Marketing Services Providers,0,SERVICES,n/a — not software,"G2 catalogues this as a service provider, not a product. Competitor class 3/4 — see the amendment-2 contradiction in the document."
Marketing Services Providers,Marketing Automation Consulting Providers,marketing-automation-consulting,/categories/marketing-automation-consulting,1076,Marketing Services Providers,0,SERVICES,n/a — not software,"G2 catalogues this as a service provider, not a product. Competitor class 3/4 — see the amendment-2 contradiction in the document."
Marketing Services Providers,Marketing Strategy Agencies,marketing-strategy,/categories/marketing-strategy,787,Marketing Services Providers,0,SERVICES,n/a — not software,"G2 catalogues this as a service provider, not a product. Competitor class 3/4 — see the amendment-2 contradiction in the document."
Marketing Services Providers,Other Marketing Services Providers,other-marketing-services,/categories/other-marketing-services,228,Marketing Services Providers,0,SERVICES,n/a — not software,"G2 catalogues this as a service provider, not a product. Competitor class 3/4 — see the amendment-2 contradiction in the document."
Marketing Services Providers,Outbound Marketing Services,outbound-marketing,/categories/outbound-marketing,772,Marketing Services Providers,0,SERVICES,n/a — not software,"G2 catalogues this as a service provider, not a product. Competitor class 3/4 — see the amendment-2 contradiction in the document."
Marketing Services Providers,Advertising Agencies,advertising-agencies,/categories/advertising-agencies,773,Outbound Marketing Services,1,SERVICES,n/a — not software,"G2 catalogues this as a service provider, not a product. Competitor class 3/4 — see the amendment-2 contradiction in the document."
Marketing Services Providers,Digital Marketing Services,digital-marketing,/categories/digital-marketing,774,Advertising Agencies,1,SERVICES,n/a — not software,"G2 catalogues this as a service provider, not a product. Competitor class 3/4 — see the amendment-2 contradiction in the document."
Marketing Services Providers,Experiential Marketing Agencies,experiential-marketing-agencies,/categories/experiential-marketing-agencies,775,Advertising Agencies,1,SERVICES,n/a — not software,"G2 catalogues this as a service provider, not a product. Competitor class 3/4 — see the amendment-2 contradiction in the document."
Marketing Services Providers,Traditional Advertising Agencies,traditional-advertising,/categories/traditional-advertising,776,Advertising Agencies,1,SERVICES,n/a — not software,"G2 catalogues this as a service provider, not a product. Competitor class 3/4 — see the amendment-2 contradiction in the document."
Marketing Services Providers,Email Marketing Services Providers,email-marketing-services,/categories/email-marketing-services,777,Outbound Marketing Services,1,SERVICES,n/a — not software,"G2 catalogues this as a service provider, not a product. Competitor class 3/4 — see the amendment-2 contradiction in the document."
Marketing Services Providers,Mobile Marketing Companies,mobile-marketing-companies,/categories/mobile-marketing-companies,778,Outbound Marketing Services,1,SERVICES,n/a — not software,"G2 catalogues this as a service provider, not a product. Competitor class 3/4 — see the amendment-2 contradiction in the document."
Marketing Services Providers,Reputation Management Services Providers,reputation-management-services,/categories/reputation-management-services,1721,Marketing Services Providers,0,SERVICES,n/a — not software,"G2 catalogues this as a service provider, not a product. Competitor class 3/4 — see the amendment-2 contradiction in the document."
Marketing Software,Account-Based Marketing Software,account-based-marketing,/categories/account-based-marketing,490,Marketing Software,0,IN,IN-clause,"Primary function is orchestrating outbound or triggered customer communication on one or more channels, driven by stored customer data or behaviour."
Marketing Software,Marketing Account Intelligence Software,marketing-account-intelligence,/categories/marketing-account-intelligence,1037,Account-Based Data  Software,1,OUT,OUT-clause 1 — analytics/BI,Measurement without activation.
Marketing Software,Account-Based Advertising Software,account-based-advertising,/categories/account-based-advertising,2183,Account-Based Execution Software,1,BOUNDARY,BOUNDARY — ad-channel outbound,"Outbound and often driven by uploaded customer data, but the channel is an ad exchange and the target is a segment, not a record."
Marketing Software,Account-Based Direct Mail Software,account-based-direct-mail,/categories/account-based-direct-mail,2184,Account-Based Execution Software,1,IN,IN-clause,"Primary function is orchestrating outbound or triggered customer communication on one or more channels, driven by stored customer data or behaviour."
Marketing Software,Affiliate Marketing Software,affiliate-marketing,/categories/affiliate-marketing,1850,Marketing Software,0,OUT,OUT — not outbound orchestration,"Partner, reputation, feedback, content-production or planning functions; no orchestration of communication to stored customer records."
Marketing Software,Audience Intelligence Platforms,audience-intelligence-platforms,/categories/audience-intelligence-platforms,2434,Marketing Software,0,OUT,OUT-clause 1 — analytics/BI,Measurement without activation.
Marketing Software,B2B Services Review Platforms,b2b-services-review-platforms,/categories/b2b-services-review-platforms,2176,Marketing Software,0,OUT,OUT — not outbound orchestration,"Partner, reputation, feedback, content-production or planning functions; no orchestration of communication to stored customer records."
Marketing Software,Book Marketing Tools,book-marketing-tools,/categories/book-marketing-tools,2268,Marketing Software,0,BOUNDARY,"IN-clause, addressability disputed",Publishing to an audience rather than to stored individual records; some products in these categories do both.
Marketing Software,Consumer Video Feedback Software,consumer-video-feedback,/categories/consumer-video-feedback,2048,Marketing Software,0,OUT,OUT — not outbound orchestration,"Partner, reputation, feedback, content-production or planning functions; no orchestration of communication to stored customer records."
Marketing Software,Content Marketing Software,content-marketing,/categories/content-marketing,242,Marketing Software,0,OUT,OUT — not outbound orchestration,"Partner, reputation, feedback, content-production or planning functions; no orchestration of communication to stored customer records."
Marketing Software,Conversational Marketing Software,conversational-marketing,/categories/conversational-marketing,1346,Marketing Software,0,IN,IN-clause,"Primary function is orchestrating outbound or triggered customer communication on one or more channels, driven by stored customer data or behaviour."
Marketing Software,Customer Journey Mapping Tools,customer-journey-mapping,/categories/customer-journey-mapping,2108,Conversion Rate Optimization Tools,1,OUT,OUT-clause 1 — analytics/BI,Measurement without activation.
Marketing Software,Customer Data Platforms (CDP),customer-data-platform-cdp,/categories/customer-data-platform-cdp,1202,Marketing Software,0,BOUNDARY,BOUNDARY case 4 — CDP sold with or without activation,The named boundary class. Whether activation is mandatory is exactly what the inclusion criteria decide.
Marketing Software,Customer Journey Analytics Software,customer-journey-analytics,/categories/customer-journey-analytics,1224,Marketing Software,0,OUT,OUT-clause 1 — analytics/BI,Measurement without activation.
Marketing Software,Customer-to-Customer (C2C) Community Marketing Software,customer-to-customer-c2c-community-marketing,/categories/customer-to-customer-c2c-community-marketing,1851,Marketing Software,0,OUT,OUT — not outbound orchestration,"Partner, reputation, feedback, content-production or planning functions; no orchestration of communication to stored customer records."
Marketing Software,Loyalty Management Software,loyalty-management,/categories/loyalty-management,1188,Demand Generation Software,1,BOUNDARY,BOUNDARY case 3 — loyalty platform with messaging attached,The named boundary class.
Marketing Software,Direct Mail Automation Software,direct-mail-automation,/categories/direct-mail-automation,1664,Marketing Software,0,IN,IN-clause,"Primary function is orchestrating outbound or triggered customer communication on one or more channels, driven by stored customer data or behaviour."
Marketing Software,Email Deliverability Tools,email-deliverability,/categories/email-deliverability,1392,Marketing Software,0,OUT,OUT-clause 3 — transport/infrastructure,"Transport, security or authoring without targeting logic."
Marketing Software,Email Marketing Software,email-marketing,/categories/email-marketing,39,Marketing Software,0,IN,IN-clause,"Primary function is orchestrating outbound or triggered customer communication on one or more channels, driven by stored customer data or behaviour."
Marketing Software,Email Signature Software,email-signature,/categories/email-signature,1126,Marketing Software,0,OUT,OUT-clause 3 — transport/infrastructure,"Transport, security or authoring without targeting logic."
Marketing Software,Email Template Builder Software,email-template-builder,/categories/email-template-builder,1694,Marketing Software,0,OUT,OUT-clause 3 — transport/infrastructure,"Transport, security or authoring without targeting logic."
Marketing Software,Email Testing Software,email-testing,/categories/email-testing,1786,Marketing Software,0,OUT,OUT-clause 3 — transport/infrastructure,"Transport, security or authoring without targeting logic."
Marketing Software,Audience Response Software,audience-response,/categories/audience-response,475,Event Management Software,1,OUT,OUT — not outbound orchestration,"Partner, reputation, feedback, content-production or planning functions; no orchestration of communication to stored customer records."
Marketing Software,Event Marketing Software,event-marketing,/categories/event-marketing,1758,Event Management Software,1,BOUNDARY,"IN-clause, addressability disputed",Publishing to an audience rather than to stored individual records; some products in these categories do both.
Marketing Software,Local Marketing Software,local-marketing,/categories/local-marketing,20,Marketing Software,0,BOUNDARY,"IN-clause, addressability disputed",Publishing to an audience rather than to stored individual records; some products in these categories do both.
Marketing Software,Location-Based Marketing Software,location-based-marketing,/categories/location-based-marketing,1455,Marketing Software,0,IN,IN-clause,"Primary function is orchestrating outbound or triggered customer communication on one or more channels, driven by stored customer data or behaviour."
Marketing Software,Marketing Analytics Software,marketing-analytics,/categories/marketing-analytics,624,Marketing Software,0,OUT,OUT-clause 1 — analytics/BI,Measurement without activation.
Marketing Software,Marketing Automation Software,marketing-automation,/categories/marketing-automation,36,Marketing Software,0,IN,IN-clause,"Primary function is orchestrating outbound or triggered customer communication on one or more channels, driven by stored customer data or behaviour."
Marketing Software,Marketing Calendar  Software,marketing-calendar,/categories/marketing-calendar,2231,Marketing Software,0,OUT,OUT — not outbound orchestration,"Partner, reputation, feedback, content-production or planning functions; no orchestration of communication to stored customer records."
Marketing Software,Marketing Resource Management Software,marketing-resource-management,/categories/marketing-resource-management,7,Marketing Software,0,OUT,OUT — not outbound orchestration,"Partner, reputation, feedback, content-production or planning functions; no orchestration of communication to stored customer records."
Marketing Software,Mobile Marketing Software,mobile-marketing,/categories/mobile-marketing,71,Marketing Software,0,IN,IN-clause,"Primary function is orchestrating outbound or triggered customer communication on one or more channels, driven by stored customer data or behaviour."
Marketing Software,Multi-level Marketing (MLM) Software,multi-level-marketing-mlm,/categories/multi-level-marketing-mlm,872,Marketing Software,0,OUT,OUT — not outbound orchestration,"Partner, reputation, feedback, content-production or planning functions; no orchestration of communication to stored customer records."
Marketing Software,Multi-Location Marketing Platforms,multi-location-marketing-platforms,/categories/multi-location-marketing-platforms,1004661,Marketing Software,0,BOUNDARY,"IN-clause, addressability disputed",Publishing to an audience rather than to stored individual records; some products in these categories do both.
Marketing Software,Online Reputation Management Software,online-reputation-management,/categories/online-reputation-management,262,Marketing Software,0,OUT,OUT — not outbound orchestration,"Partner, reputation, feedback, content-production or planning functions; no orchestration of communication to stored customer records."
Marketing Software,Other Marketing Software,other-marketing,/categories/other-marketing,617,Marketing Software,0,BOUNDARY,Residual bucket,G2 rule: 'Other' holds products qualifying for no defined category. Contents unknowable without the product list.
Marketing Software,Personalization Software,personalization,/categories/personalization,1674,Marketing Software,0,BOUNDARY,"IN-clause, channel disputed","Behaviour-driven and data-driven, but the 'channel' is often the site itself rather than an outbound message."
Marketing Software,Personalization Engines,personalization-engines,/categories/personalization-engines,1673,Marketing Software,0,BOUNDARY,"IN-clause, channel disputed","Behaviour-driven and data-driven, but the 'channel' is often the site itself rather than an outbound message."
Marketing Software,Promotional Product Management Software,promotional-product-management,/categories/promotional-product-management,1946,Marketing Software,0,OUT,OUT — not outbound orchestration,"Partner, reputation, feedback, content-production or planning functions; no orchestration of communication to stored customer records."
Marketing Software,PR CRM Software,pr-crm,/categories/pr-crm,2242,Public Relations (PR) Software,1,OUT,OUT-clause 2 — sales pipeline,Pipeline or sales-productivity tooling without outbound orchestration.
Marketing Software,Push Notification Software,push-notification,/categories/push-notification,1562,Marketing Software,0,IN,IN-clause,"Primary function is orchestrating outbound or triggered customer communication on one or more channels, driven by stored customer data or behaviour."
Marketing Software,RCS Business Messaging Software,rcs-business-messaging,/categories/rcs-business-messaging,1011974,Marketing Software,0,BOUNDARY,BOUNDARY case 2 — delivery infrastructure moving up-stack,Transport without targeting logic is OUT; these categories contain both pure transport and products that have moved into orchestration.
Marketing Software,SMS Marketing Software,sms-marketing,/categories/sms-marketing,1781,Marketing Software,0,IN,IN-clause,"Primary function is orchestrating outbound or triggered customer communication on one or more channels, driven by stored customer data or behaviour."
Marketing Software,Social Media Marketing Software,social-media-marketing,/categories/social-media-marketing,60,Marketing Software,0,BOUNDARY,"IN-clause, addressability disputed",Publishing to an audience rather than to stored individual records; some products in these categories do both.
Marketing Software,Influencer Marketing Platforms,influencer-marketing-platforms,/categories/influencer-marketing-platforms,681,Social Media Marketing Software,1,OUT,OUT — not outbound orchestration,"Partner, reputation, feedback, content-production or planning functions; no orchestration of communication to stored customer records."
Marketing Software,Technology Review Platforms,technology-review-platforms,/categories/technology-review-platforms,1987,Marketing Software,0,OUT,OUT — not outbound orchestration,"Partner, reputation, feedback, content-production or planning functions; no orchestration of communication to stored customer records."
Marketing Software,Transactional Email Software,transactional-email,/categories/transactional-email,225,Marketing Software,0,BOUNDARY,BOUNDARY case 2 — delivery infrastructure moving up-stack,Transport without targeting logic is OUT; these categories contain both pure transport and products that have moved into orchestration.
Marketing Software,WhatsApp Marketing Software,whatsapp-marketing,/categories/whatsapp-marketing,1009427,Marketing Software,0,IN,IN-clause,"Primary function is orchestrating outbound or triggered customer communication on one or more channels, driven by stored customer data or behaviour."
Security Software,"Security Orchestration, Automation, and Response (SOAR) Software",security-orchestration-automation-and-response-soar,/categories/security-orchestration-automation-and-response-soar,2178,System Security Software,1,OUT,OUT — screen false positive,"Matched the name-level screen on a generic term (automation, notification, messaging, bot) in an unrelated technical context."
Security Software,Secure Code Review Software,secure-code-review,/categories/secure-code-review,2639,DevSecOps Software,1,OUT,OUT — screen false positive,"Matched the name-level screen on a generic term (automation, notification, messaging, bot) in an unrelated technical context."
Security Software,Email Security Software,email-security,/categories/email-security,1607,Security Software,0,OUT,OUT-clause 3 — transport/infrastructure,"Transport, security or authoring without targeting logic."
Security Software,Secure Email Gateway Software,secure-email-gateway,/categories/secure-email-gateway,1086,Email Security Software,1,OUT,OUT-clause 3 — transport/infrastructure,"Transport, security or authoring without targeting logic."
Security Software,Cloud Email Security Solutions,cloud-email-security,/categories/cloud-email-security,1833,Email Security Software,1,OUT,OUT-clause 3 — transport/infrastructure,"Transport, security or authoring without targeting logic."
Security Software,Email Anti-spam Software,email-anti-spam,/categories/email-anti-spam,1628,Email Security Software,1,OUT,OUT-clause 3 — transport/infrastructure,"Transport, security or authoring without targeting logic."
Security Software,Email Encryption Software,email-encryption,/categories/email-encryption,1627,Email Security Software,1,OUT,OUT-clause 3 — transport/infrastructure,"Transport, security or authoring without targeting logic."
Security Software,Intelligent Email Protection Software,intelligent-email-protection,/categories/intelligent-email-protection,2341,Email Security Software,1,OUT,OUT-clause 3 — transport/infrastructure,"Transport, security or authoring without targeting logic."
Security Software,Microsegmentation Software,microsegmentation,/categories/microsegmentation,2690,Network Security Software,1,OUT,OUT — screen false positive,"Matched the name-level screen on a generic term (automation, notification, messaging, bot) in an unrelated technical context."
Security Software,Bot Detection and Mitigation Software,bot-detection-and-mitigation,/categories/bot-detection-and-mitigation,1585,Web Security Software,1,OUT,OUT — screen false positive,"Matched the name-level screen on a generic term (automation, notification, messaging, bot) in an unrelated technical context."
B2B Marketplaces,Merchant Marketing Software,merchant-marketing,/categories/merchant-marketing,1390,B2B Marketplaces,0,BOUNDARY,"IN-clause, addressability disputed",Publishing to an audience rather than to stored individual records; some products in these categories do both.
Business Services Providers,Contact Center Consulting Providers,contact-center-consulting,/categories/contact-center-consulting,2264,Business Services Providers,0,SERVICES,n/a — not software,"G2 catalogues this as a service provider, not a product. Competitor class 3/4 — see the amendment-2 contradiction in the document."
CAD & PLM Software,Robotic Simulation Software,robotic-simulation-software,/categories/robotic-simulation-software,1012172,CAD & PLM Software,0,OUT,OUT — screen false positive,"Matched the name-level screen on a generic term (automation, notification, messaging, bot) in an unrelated technical context."
Collaboration & Productivity Software,Email Software,email,/categories/email,44,Collaboration & Productivity Software,0,OUT,OUT-clause 3 — transport/infrastructure,"Transport, security or authoring without targeting logic."
Collaboration & Productivity Software,Email Client Software,email-client,/categories/email-client,1965,Collaboration & Productivity Software,0,OUT,OUT-clause 3 — transport/infrastructure,"Transport, security or authoring without targeting logic."
Collaboration & Productivity Software,Email Management Software,email-management,/categories/email-management,2836,Collaboration & Productivity Software,0,OUT,OUT-clause 3 — transport/infrastructure,"Transport, security or authoring without targeting logic."
Collaboration & Productivity Software,Email Verification Software,email-verification,/categories/email-verification,1319,Collaboration & Productivity Software,0,OUT,OUT-clause 3 — transport/infrastructure,"Transport, security or authoring without targeting logic."
Collaboration & Productivity Software,Internal Communications Software,internal-communications,/categories/internal-communications,1526,Collaboration & Productivity Software,0,OUT,OUT — recipient is an employee,Internal communication. The scope is customer communication.
Collaboration & Productivity Software,Business Instant Messaging Software,business-instant-messaging,/categories/business-instant-messaging,2174,Internal Communications Software,1,OUT,OUT — recipient is an employee,Internal communication. The scope is customer communication.
Collaboration & Productivity Software,Employee Communications Software,employee-communications,/categories/employee-communications,2181,Internal Communications Software,1,OUT,OUT — recipient is an employee,Internal communication. The scope is customer communication.
Collaboration & Productivity Software,Frontline Worker Communication Platforms Software,frontline-worker-communication-platforms,/categories/frontline-worker-communication-platforms,1007772,Internal Communications Software,1,OUT,OUT — recipient is an employee,Internal communication. The scope is customer communication.
Collaboration & Productivity Software,Internal Newsletter Software,internal-newsletter-software,/categories/internal-newsletter-software,1007773,Collaboration & Productivity Software,0,OUT,OUT — recipient is an employee,Internal communication. The scope is customer communication.
Collaboration & Productivity Software,Other Email Software,other-email,/categories/other-email,644,Collaboration & Productivity Software,0,OUT,OUT-clause 3 — transport/infrastructure,"Transport, security or authoring without targeting logic."
Collaboration & Productivity Software,Productivity Bots Software,productivity-bots,/categories/productivity-bots,1122,Collaboration & Productivity Software,0,OUT,OUT — recipient is an employee,Internal communication. The scope is customer communication.
Collaboration & Productivity Software,Survey Software,survey,/categories/survey,28,Collaboration & Productivity Software,0,OUT,OUT — not outbound orchestration,"Partner, reputation, feedback, content-production or planning functions; no orchestration of communication to stored customer records."
Collaboration & Productivity Software,Video Communications Software,video-communications,/categories/video-communications,1002912,Collaboration & Productivity Software,0,OUT,OUT — recipient is an employee,Internal communication. The scope is customer communication.
Collaboration & Productivity Software,Video Email Software,video-email,/categories/video-email,2486,Collaboration & Productivity Software,0,OUT,OUT — not outbound orchestration,"Partner, reputation, feedback, content-production or planning functions; no orchestration of communication to stored customer records."
Commerce Software,Trade Promotion Management Software,trade-promotion-management,/categories/trade-promotion-management,1405,Consumer Goods Software,1,OUT,OUT — different job,"Commerce, billing or workflow function; not customer-communication orchestration."
Commerce Software,Multichannel Retail Software,multichannel-retail,/categories/multichannel-retail,359,E-Commerce Software,1,OUT,OUT — different job,"Commerce, billing or workflow function; not customer-communication orchestration."
Commerce Software,Review Management Software,review-management-software,/categories/review-management-software,96,E-Commerce Software,1,OUT,OUT — not outbound orchestration,"Partner, reputation, feedback, content-production or planning functions; no orchestration of communication to stored customer records."
Commerce Software,Subscription Management Software,subscription-management,/categories/subscription-management,81,E-Commerce Software,1,OUT,OUT — different job,"Commerce, billing or workflow function; not customer-communication orchestration."
Commerce Software,Conversational Commerce Platforms,conversational-commerce-platforms,/categories/conversational-commerce-platforms,1011017,E-Commerce Software,1,IN,IN-clause,Orchestrates outbound sequences to stored contacts across channels.
Commerce Software,E-Commerce Personalization Software,e-commerce-personalization,/categories/e-commerce-personalization,1528,E-Commerce Software,1,BOUNDARY,"IN-clause, channel disputed","Behaviour-driven and data-driven, but the 'channel' is often the site itself rather than an outbound message."
Commerce Software,Subscription Analytics Software,subscription-analytics,/categories/subscription-analytics,1331,E-Commerce Software,1,OUT,OUT-clause 1 — analytics/BI,Measurement without activation.
Commerce Software,Subscription Billing Software,subscription-billing,/categories/subscription-billing,1545,E-Commerce Software,1,OUT,OUT — different job,"Commerce, billing or workflow function; not customer-communication orchestration."
Commerce Software,Subscription Revenue Management Software,subscription-revenue-management,/categories/subscription-revenue-management,1362,E-Commerce Software,1,OUT,OUT — different job,"Commerce, billing or workflow function; not customer-communication orchestration."
Commerce Software,Omnichannel Commerce Software,omnichannel-commerce,/categories/omnichannel-commerce,2113,Commerce Software,0,OUT,OUT — different job,"Commerce, billing or workflow function; not customer-communication orchestration."
Content Management Systems,Mobile Forms Automation Software,mobile-forms-automation,/categories/mobile-forms-automation,1044,Content Management Systems,0,OUT,OUT — different job,"Commerce, billing or workflow function; not customer-communication orchestration."
Customer Service Software,Live Chat Software,live-chat,/categories/live-chat,191,Customer Service Software,0,BOUNDARY,"IN-clause, direction disputed",Predominantly inbound response; outbound/triggered capability exists in part of each category.
Customer Service Software,Appointment Reminder Software,appointment-reminder,/categories/appointment-reminder,2226,Customer Service Software,0,IN,IN-clause,Triggered outbound customer communication driven by stored customer data; service-desk framing does not change the function.
Customer Service Software,Call & Contact Center Software,call-contact-center,/categories/call-contact-center,202,Customer Service Software,0,OUT,OUT — screen false positive,"Matched the name-level screen on a generic term (automation, notification, messaging, bot) in an unrelated technical context."
Customer Service Software,Contact Center Software,contact-center,/categories/contact-center,29,Call & Contact Center Software,1,BOUNDARY,"IN-clause, direction disputed",Predominantly inbound response; outbound/triggered capability exists in part of each category.
Customer Service Software,Contact Center AI Observability Software,contact-center-ai-observability,/categories/contact-center-ai-observability,1011578,Call & Contact Center Software,1,OUT,OUT — contact-centre back office,"Quality, staffing and knowledge functions, not outbound orchestration."
Customer Service Software,Contact Center Knowledge Base Software,contact-center-knowledge-base,/categories/contact-center-knowledge-base,1529,Call & Contact Center Software,1,OUT,OUT — contact-centre back office,"Quality, staffing and knowledge functions, not outbound orchestration."
Customer Service Software,Contact Center Quality Assurance Software,contact-center-quality-assurance,/categories/contact-center-quality-assurance,1989,Call & Contact Center Software,1,OUT,OUT — contact-centre back office,"Quality, staffing and knowledge functions, not outbound orchestration."
Customer Service Software,Contact Center Workforce Software,contact-center-workforce,/categories/contact-center-workforce,54,Call & Contact Center Software,1,OUT,OUT — contact-centre back office,"Quality, staffing and knowledge functions, not outbound orchestration."
Customer Service Software,Contact Center Outsourcing Service Providers,contact-center-outsourcing-services,/categories/contact-center-outsourcing-services,2328,Customer Service Software,0,OUT,OUT — screen false positive,"Matched the name-level screen on a generic term (automation, notification, messaging, bot) in an unrelated technical context."
Customer Service Software,Contact Center Payments Software,contact-center-payments,/categories/contact-center-payments,1008733,Customer Service Software,0,OUT,OUT — different job,"Commerce, billing or workflow function; not customer-communication orchestration."
Customer Service Software,Conversational Support Software,conversational-support,/categories/conversational-support,1896,Customer Service Software,0,BOUNDARY,"IN-clause, direction disputed",Predominantly inbound response; outbound/triggered capability exists in part of each category.
Customer Service Software,Customer Communications Management Software,customer-communications-management,/categories/customer-communications-management,1886,Customer Service Software,0,IN,IN-clause,Triggered outbound customer communication driven by stored customer data; service-desk framing does not change the function.
Customer Service Software,Customer Service Automation Software,customer-service-automation,/categories/customer-service-automation,1005823,Customer Service Software,0,BOUNDARY,"IN-clause, direction disputed",Predominantly inbound response; outbound/triggered capability exists in part of each category.
Customer Service Software,Enterprise Feedback Management Software,enterprise-feedback-management,/categories/enterprise-feedback-management,32,Customer Service Software,0,OUT,OUT — not outbound orchestration,"Partner, reputation, feedback, content-production or planning functions; no orchestration of communication to stored customer records."
Customer Service Software,Feedback Analytics Software,feedback-analytics,/categories/feedback-analytics,2506,Customer Service Software,0,OUT,OUT-clause 1 — analytics/BI,Measurement without activation.
Customer Service Software,Proactive Customer Retention Software,proactive-customer-retention,/categories/proactive-customer-retention,1003539,Customer Service Software,0,IN,IN-clause,Triggered outbound customer communication driven by stored customer data; service-desk framing does not change the function.
Customer Service Software,Proactive Notification Software,proactive-notification,/categories/proactive-notification,9,Customer Service Software,0,IN,IN-clause,Triggered outbound customer communication driven by stored customer data; service-desk framing does not change the function.
Data Privacy Software,Data Breach Notification Software,data-breach-notification,/categories/data-breach-notification,2180,Data Privacy Software,0,BOUNDARY,"IN-clause, trigger disputed",Triggered customer communication driven by stored data; compliance-driven rather than commercial.
Development Software,Communication Platform as a Service (cPaaS) Platforms,communication-platform-as-a-service-cpaas,/categories/communication-platform-as-a-service-cpaas,555,Development Software,0,BOUNDARY,BOUNDARY case 2 — delivery infrastructure moving up-stack,Transport without targeting logic is OUT; these categories contain both pure transport and products that have moved into orchestration.
Development Software,Automation Testing Tools,automation-testing-tools,/categories/automation-testing-tools,108,DevOps Software,1,OUT,OUT — screen false positive,"Matched the name-level screen on a generic term (automation, notification, messaging, bot) in an unrelated technical context."
Development Software,Build Automation Software,build-automation,/categories/build-automation,310,CI/CD Tools,1,OUT,OUT — screen false positive,"Matched the name-level screen on a generic term (automation, notification, messaging, bot) in an unrelated technical context."
Development Software,Cloud Infrastructure Automation Software,cloud-infrastructure-automation,/categories/cloud-infrastructure-automation,1662,CI/CD Tools,1,OUT,OUT — screen false positive,"Matched the name-level screen on a generic term (automation, notification, messaging, bot) in an unrelated technical context."
Development Software,Peer Code Review Software,peer-code-review,/categories/peer-code-review,563,Source Code Management Software,1,OUT,OUT — screen false positive,"Matched the name-level screen on a generic term (automation, notification, messaging, bot) in an unrelated technical context."
Development Software,Geofencing Software,geofencing,/categories/geofencing,1978,Development Software,0,BOUNDARY,"IN-clause, trigger disputed","Location trigger is in scope; many products here are developer toolkits, i.e. infrastructure."
Development Software,Notification Infrastructure Software,notification-infrastructure,/categories/notification-infrastructure,1006946,Development Software,0,BOUNDARY,BOUNDARY case 2 — delivery infrastructure moving up-stack,Transport without targeting logic is OUT; these categories contain both pure transport and products that have moved into orchestration.
Digital Advertising Tech,Audience Data Providers,audience-data-providers,/categories/audience-data-providers,1013891,Digital Advertising Tech,0,OUT,OUT-clause 1 — analytics/BI,Measurement without activation.
Digital Advertising Tech,Connected TV (CTV) Advertising Platforms,connected-tv-ctv-advertising-platforms,/categories/connected-tv-ctv-advertising-platforms,1009394,Digital Advertising Tech,0,OUT,OUT — media buying,"Media placement against audiences, not communication driven by stored customer records."
Digital Advertising Tech,Cross-Channel Advertising Software,cross-channel-advertising,/categories/cross-channel-advertising,289,Digital Advertising Tech,0,BOUNDARY,BOUNDARY — ad-channel outbound,"Outbound and often driven by uploaded customer data, but the channel is an ad exchange and the target is a segment, not a record."
Digital Advertising Tech,Digital Advertising Intelligence Software,digital-advertising-intelligence,/categories/digital-advertising-intelligence,2487,Digital Advertising Tech,0,OUT,OUT-clause 1 — analytics/BI,Measurement without activation.
Digital Advertising Tech,Digital Audio Advertising Software,digital-audio-advertising,/categories/digital-audio-advertising,2497,Digital Advertising Tech,0,OUT,OUT — media buying,"Media placement against audiences, not communication driven by stored customer records."
Digital Advertising Tech,Display Advertising Software,display-advertising,/categories/display-advertising,277,Digital Advertising Tech,0,BOUNDARY,BOUNDARY — ad-channel outbound,"Outbound and often driven by uploaded customer data, but the channel is an ad exchange and the target is a segment, not a record."
Digital Advertising Tech,Mobile Advertising Software,mobile-advertising,/categories/mobile-advertising,278,Digital Advertising Tech,0,BOUNDARY,BOUNDARY — ad-channel outbound,"Outbound and often driven by uploaded customer data, but the channel is an ad exchange and the target is a segment, not a record."
Digital Advertising Tech,Native Advertising Software,native-advertising,/categories/native-advertising,365,Digital Advertising Tech,0,OUT,OUT — media buying,"Media placement against audiences, not communication driven by stored customer records."
Digital Advertising Tech,Other Digital Advertising Software,other-digital-advertising,/categories/other-digital-advertising,288,Digital Advertising Tech,0,OUT,OUT — media buying,"Media placement against audiences, not communication driven by stored customer records."
Digital Advertising Tech,Paid Search Advertising Software,paid-search-advertising,/categories/paid-search-advertising,249,Digital Advertising Tech,0,OUT,OUT — media buying,"Media placement against audiences, not communication driven by stored customer records."
Digital Advertising Tech,Retail Media Advertising Platforms,retail-media-advertising-platforms,/categories/retail-media-advertising-platforms,2549,Digital Advertising Tech,0,BOUNDARY,BOUNDARY — ad-channel outbound,"Outbound and often driven by uploaded customer data, but the channel is an ad exchange and the target is a segment, not a record."
Digital Advertising Tech,Social Media Advertising Software,social-media-advertising,/categories/social-media-advertising,279,Digital Advertising Tech,0,BOUNDARY,BOUNDARY — ad-channel outbound,"Outbound and often driven by uploaded customer data, but the channel is an ad exchange and the target is a segment, not a record."
Digital Advertising Tech,Video Advertising Software,video-advertising,/categories/video-advertising,280,Digital Advertising Tech,0,OUT,OUT — media buying,"Media placement against audiences, not communication driven by stored customer records."
ERP Software,Accounts Payable Automation Software,ap-automation,/categories/ap-automation,1360,Accounting & Finance Software,1,OUT,OUT — screen false positive,"Matched the name-level screen on a generic term (automation, notification, messaging, bot) in an unrelated technical context."
ERP Software,Professional Services Automation Software,professional-services-automation,/categories/professional-services-automation,156,ERP Software,0,OUT,OUT — screen false positive,"Matched the name-level screen on a generic term (automation, notification, messaging, bot) in an unrelated technical context."
"Governance, Risk & Compliance Software",Digital Communications Governance Software,digital-communications-governance,/categories/digital-communications-governance,1008037,"Governance, Risk & Compliance Software",0,OUT,OUT — recipient is an employee,Internal communication. The scope is customer communication.
HR Software,Recruitment Marketing Platforms,recruitment-marketing,/categories/recruitment-marketing,790,Talent Acquisition Suites Software,1,BOUNDARY,"IN-clause, recipient disputed","Function matches exactly; the recipient is a candidate, not a customer. See the proposed wording change."
HR Software,Employee Referral Software,employee-referral,/categories/employee-referral,1600,Recruiting Software,1,BOUNDARY,"IN-clause, recipient disputed","Function matches exactly; the recipient is a candidate, not a customer. See the proposed wording change."
HR Software,Programmatic Job Advertising Software,programmatic-job-advertising,/categories/programmatic-job-advertising,2589,Recruiting Software,1,BOUNDARY,"IN-clause, recipient disputed","Function matches exactly; the recipient is a candidate, not a customer. See the proposed wording change."
HR Software,Recruiting Automation Software,recruiting-automation,/categories/recruiting-automation,1241,Recruiting Software,1,BOUNDARY,"IN-clause, recipient disputed","Function matches exactly; the recipient is a candidate, not a customer. See the proposed wording change."
HR Software,Employee Engagement Software,employee-engagement,/categories/employee-engagement,591,Talent Management Software,1,OUT,OUT — recipient is an employee,Internal communication. The scope is customer communication.
HR Software,360 Feedback Software,360-feedback-software,/categories/360-feedback-software,2833,Talent Management Software,1,OUT,OUT — recipient is an employee,Internal communication. The scope is customer communication.
IT Infrastructure Software,Data Warehouse Automation Software,data-warehouse-automation,/categories/data-warehouse-automation,2695,IT Infrastructure Software,0,OUT,OUT — screen false positive,"Matched the name-level screen on a generic term (automation, notification, messaging, bot) in an unrelated technical context."
IT Management Software,Email Backup Software,email-backup,/categories/email-backup,1005026,Backup Software,1,OUT,OUT-clause 3 — transport/infrastructure,"Transport, security or authoring without targeting logic."
IT Management Software,Email Archiving Software,email-archiving,/categories/email-archiving,1672,Data Recovery Software,1,OUT,OUT-clause 3 — transport/infrastructure,"Transport, security or authoring without targeting logic."
IT Management Software,IT Resilience Orchestration Automation (ITRO) Software,it-resilience-orchestration-automation-itro,/categories/it-resilience-orchestration-automation-itro,1476,IT Management Software,0,OUT,OUT — screen false positive,"Matched the name-level screen on a generic term (automation, notification, messaging, bot) in an unrelated technical context."
IT Management Software,Message Queue (MQ) Software,message-queue-mq,/categories/message-queue-mq,1676,IT Management Software,0,OUT,OUT-clause 3 — transport/infrastructure,"Transport, security or authoring without targeting logic."
IT Management Software,Network Automation Tools,network-automation-tools,/categories/network-automation-tools,1478,IT Management Software,0,OUT,OUT — screen false positive,"Matched the name-level screen on a generic term (automation, notification, messaging, bot) in an unrelated technical context."
IT Management Software,Process Automation Software,process-automation,/categories/process-automation,1255,IT Management Software,0,OUT,OUT — screen false positive,"Matched the name-level screen on a generic term (automation, notification, messaging, bot) in an unrelated technical context."
IT Management Software,Business Automation Platforms (BAPs),business-automation-platforms-baps,/categories/business-automation-platforms-baps,1009031,Process Automation Software,1,OUT,OUT — screen false positive,"Matched the name-level screen on a generic term (automation, notification, messaging, bot) in an unrelated technical context."
IT Management Software,Digital Process Automation (DPA) Software,digital-process-automation-dpa,/categories/digital-process-automation-dpa,1614,Process Automation Software,1,OUT,OUT — screen false positive,"Matched the name-level screen on a generic term (automation, notification, messaging, bot) in an unrelated technical context."
IT Management Software,Other Process Automation Software,other-process-automation,/categories/other-process-automation,2550,Process Automation Software,1,OUT,OUT — screen false positive,"Matched the name-level screen on a generic term (automation, notification, messaging, bot) in an unrelated technical context."
IT Management Software,Robotic Process Automation (RPA) Software,robotic-process-automation-rpa,/categories/robotic-process-automation-rpa,1206,Process Automation Software,1,OUT,OUT — screen false positive,"Matched the name-level screen on a generic term (automation, notification, messaging, bot) in an unrelated technical context."
IT Management Software,Runbook Automation Software,runbook-automation,/categories/runbook-automation,1007574,IT Management Software,0,OUT,OUT — screen false positive,"Matched the name-level screen on a generic term (automation, notification, messaging, bot) in an unrelated technical context."
IT Management Software,Workload Automation Software,workload-automation,/categories/workload-automation,1375,IT Management Software,0,OUT,OUT — screen false positive,"Matched the name-level screen on a generic term (automation, notification, messaging, bot) in an unrelated technical context."
Marketplace Apps,Google Workspace Communication Tools,google-workspace-communication-tools,/categories/google-workspace-communication-tools,1177,Marketplace Apps,0,OUT,OUT — recipient is an employee,Internal communication. The scope is customer communication.
Marketplace Apps,Google Workspace for Marketing Software,google-workspace-for-marketing,/categories/google-workspace-for-marketing,1178,Marketplace Apps,0,OUT,OUT — screen false positive,"Matched the name-level screen on a generic term (automation, notification, messaging, bot) in an unrelated technical context."
Office Management Software,Emergency Notification Software,emergency-notification,/categories/emergency-notification,258,Office Management Software,0,IN,IN-clause,"Triggered outbound communication to a stored contact population. Non-commercial purpose; the definition is functional, not commercial."
Other Services Providers,Managed Live Chat Providers,managed-live-chat,/categories/managed-live-chat,1322,Other Services Providers,0,SERVICES,n/a — not software,"G2 catalogues this as a service provider, not a product. Competitor class 3/4 — see the amendment-2 contradiction in the document."
Professional Services Providers,Account-Based Marketing Agencies,account-based-marketing-agencies,/categories/account-based-marketing-agencies,1881,Implementation Services Providers,1,SERVICES,n/a — not software,"G2 catalogues this as a service provider, not a product. Competitor class 3/4 — see the amendment-2 contradiction in the document."
Professional Services Providers,Robotic Process Automation (RPA) Consultancy Services,robotic-process-automation-rpa-consultancy-services,/categories/robotic-process-automation-rpa-consultancy-services,2649,Professional Services Providers,0,SERVICES,n/a — not software,"G2 catalogues this as a service provider, not a product. Competitor class 3/4 — see the amendment-2 contradiction in the document."
Professional Services Providers,Shopify Marketing Experts,shopify-marketing-experts,/categories/shopify-marketing-experts,1923,Shopify Consulting Partners,1,SERVICES,n/a — not software,"G2 catalogues this as a service provider, not a product. Competitor class 3/4 — see the amendment-2 contradiction in the document."
Security and Privacy Services Providers,Email Security Services Providers,email-security-services,/categories/email-security-services,1094,Security and Privacy Services Providers,0,SERVICES,n/a — not software,"G2 catalogues this as a service provider, not a product. Competitor class 3/4 — see the amendment-2 contradiction in the document."
Staffing Services Providers,Recruitment Marketing Agencies,recruitment-marketing-agencies,/categories/recruitment-marketing-agencies,1404,Staffing Services Providers,0,SERVICES,n/a — not software,"G2 catalogues this as a service provider, not a product. Competitor class 3/4 — see the amendment-2 contradiction in the document."
Supply Chain & Logistics Software,Warehouse Automation Software,warehouse-automation,/categories/warehouse-automation,1013097,Inventory Management Software,1,OUT,OUT — screen false positive,"Matched the name-level screen on a generic term (automation, notification, messaging, bot) in an unrelated technical context."
Translation Services Providers,Marketing Localization Providers,marketing-localization,/categories/marketing-localization,739,Localization Services,1,SERVICES,n/a — not software,"G2 catalogues this as a service provider, not a product. Competitor class 3/4 — see the amendment-2 contradiction in the document."
Value-Added Resellers (VARs),Cisco Unified Communications Resellers,cisco-unified-communications-resellers,/categories/cisco-unified-communications-resellers,944,Cisco Channel Partners,1,SERVICES,n/a — not software,"G2 catalogues this as a service provider, not a product. Competitor class 3/4 — see the amendment-2 contradiction in the document."
Value-Added Resellers (VARs),Infor CRM Resellers,infor-crm-resellers,/categories/infor-crm-resellers,996,Infor Channel Partners,1,SERVICES,n/a — not software,"G2 catalogues this as a service provider, not a product. Competitor class 3/4 — see the amendment-2 contradiction in the document."
Value-Added Resellers (VARs),Sage CRM Resellers,sage-crm-resellers,/categories/sage-crm-resellers,971,Sage Channel Partners,1,SERVICES,n/a — not software,"G2 catalogues this as a service provider, not a product. Competitor class 3/4 — see the amendment-2 contradiction in the document."
Value-Added Resellers (VARs),Unified Communication VARs Providers,unified-communication-vars,/categories/unified-communication-vars,2263,Value-Added Resellers (VARs),0,SERVICES,n/a — not software,"G2 catalogues this as a service provider, not a product. Competitor class 3/4 — see the amendment-2 contradiction in the document."
Vertical Industry Software,Alumni Management Software,alumni-management,/categories/alumni-management,1351,Vertical Industry Software,0,BOUNDARY,"IN-clause, recipient disputed",Same function; recipient is an alumnus or donor.
Vertical Industry Software,Automotive Marketing Software,automotive-marketing,/categories/automotive-marketing,1766,Automotive Software,1,IN,IN-clause + vertical instance,Vertical-specific instance of the same job under a local name — explicitly in scope.
Vertical Industry Software,Construction CRM Software,construction-crm,/categories/construction-crm,2346,Construction Software,1,BOUNDARY,BOUNDARY case 1 — CRM suite carrying a campaign module,Pipeline CRM is explicitly OUT; the same product may carry campaign orchestration. Undecidable from the category name — needs the source's inclusion criteria.
Vertical Industry Software,Classroom Messaging Software,classroom-messaging,/categories/classroom-messaging,1569,Education Software,1,IN,IN-clause + vertical instance,Vertical-specific instance of the same job under a local name — explicitly in scope.
Vertical Industry Software,Financial Services CRM Software,financial-services-crm,/categories/financial-services-crm,1618,Financial Services Software,1,BOUNDARY,BOUNDARY case 1 — CRM suite carrying a campaign module,Pipeline CRM is explicitly OUT; the same product may carry campaign orchestration. Undecidable from the category name — needs the source's inclusion criteria.
Vertical Industry Software,Mortgage CRM Software,mortgage-crm,/categories/mortgage-crm,1541,Loan Software,1,BOUNDARY,BOUNDARY case 1 — CRM suite carrying a campaign module,Pipeline CRM is explicitly OUT; the same product may carry campaign orchestration. Undecidable from the category name — needs the source's inclusion criteria.
Vertical Industry Software,AI Patient Engagement & Operations Software,ai-patient-engagement-operations,/categories/ai-patient-engagement-operations,1013328,Health Care Software,1,IN,IN-clause + vertical instance,Vertical-specific instance of the same job under a local name — explicitly in scope.
Vertical Industry Software,Clinical Communication and Collaboration Software,clinical-communication-and-collaboration,/categories/clinical-communication-and-collaboration,1470,Health Care Operations Software,1,OUT,OUT — recipient is an employee,Internal communication. The scope is customer communication.
Vertical Industry Software,Referral Management Software,referral-management,/categories/referral-management,1763,Health Care Operations Software,1,OUT,OUT — different job,"Commerce, billing or workflow function; not customer-communication orchestration."
Vertical Industry Software,HIPAA Compliant Messaging Software,hipaa-compliant-messaging,/categories/hipaa-compliant-messaging,1617,Health Care Software,1,BOUNDARY,IN/OUT undecidable,Category name does not say whether the messaging is clinician-to-patient (IN) or clinician-to-clinician (OUT).
Vertical Industry Software,Patient Engagement Software,patient-engagement,/categories/patient-engagement,1651,Patient Experience Software,1,IN,IN-clause + vertical instance,Vertical-specific instance of the same job under a local name — explicitly in scope.
Vertical Industry Software,Guest Messaging Software,guest-messaging,/categories/guest-messaging,1359,Hotel Software,1,IN,IN-clause + vertical instance,Vertical-specific instance of the same job under a local name — explicitly in scope.
Vertical Industry Software,Restaurant Marketing Tools Software,restaurant-marketing-tools,/categories/restaurant-marketing-tools,1013130,Restaurant Software,1,IN,IN-clause + vertical instance,Vertical-specific instance of the same job under a local name — explicitly in scope.
Vertical Industry Software,Insurance CRM Software,insurance-crm,/categories/insurance-crm,1012502,Insurance Software,1,BOUNDARY,BOUNDARY case 1 — CRM suite carrying a campaign module,Pipeline CRM is explicitly OUT; the same product may carry campaign orchestration. Undecidable from the category name — needs the source's inclusion criteria.
Vertical Industry Software,Legal CRM Software,legal-crm,/categories/legal-crm,1010055,Legal Software,1,BOUNDARY,BOUNDARY case 1 — CRM suite carrying a campaign module,Pipeline CRM is explicitly OUT; the same product may carry campaign orchestration. Undecidable from the category name — needs the source's inclusion criteria.
Vertical Industry Software,Legal Workflow Automation Software,legal-workflow-automation,/categories/legal-workflow-automation,1013594,Legal Software,1,OUT,OUT — different job,"Commerce, billing or workflow function; not customer-communication orchestration."
Vertical Industry Software,Donor Management Software,donor-management,/categories/donor-management,483,Nonprofit Software,1,BOUNDARY,"IN-clause, recipient disputed",Same function; recipient is an alumnus or donor.
Vertical Industry Software,Donor Prospect Research Software,donor-prospect-research,/categories/donor-prospect-research,486,Nonprofit Software,1,OUT,OUT-clause 1 — analytics/BI,Measurement without activation.
Vertical Industry Software,Fundraising Software,fundraising,/categories/fundraising,398,Nonprofit Software,1,BOUNDARY,"IN-clause, recipient disputed",Same function; recipient is an alumnus or donor.
Vertical Industry Software,Nonprofit CRM Software,nonprofit-crm,/categories/nonprofit-crm,482,Nonprofit Software,1,BOUNDARY,BOUNDARY case 1 — CRM suite carrying a campaign module,Pipeline CRM is explicitly OUT; the same product may carry campaign orchestration. Undecidable from the category name — needs the source's inclusion criteria.
Vertical Industry Software,Political Campaign Software,political-campaign,/categories/political-campaign,426,Political Software,1,IN,IN-clause + vertical instance,Vertical-specific instance of the same job under a local name — explicitly in scope.
Vertical Industry Software,Citizen Engagement Software,citizen-engagement,/categories/citizen-engagement,2439,Public Sector Software,1,IN,IN-clause + vertical instance,Vertical-specific instance of the same job under a local name — explicitly in scope.
Vertical Industry Software,Real Estate CRM Software,real-estate-crm,/categories/real-estate-crm,339,Real Estate Software,1,BOUNDARY,BOUNDARY case 1 — CRM suite carrying a campaign module,Pipeline CRM is explicitly OUT; the same product may carry campaign orchestration. Undecidable from the category name — needs the source's inclusion criteria.
Vertical Industry Software,Real Estate Marketing Software,real-estate-marketing,/categories/real-estate-marketing,340,Real Estate Software,1,IN,IN-clause + vertical instance,Vertical-specific instance of the same job under a local name — explicitly in scope.
Vertical Industry Software,Sports Marketing Intelligence Software,sports-marketing-intelligence,/categories/sports-marketing-intelligence,2453,Sports Software,1,OUT,OUT-clause 1 — analytics/BI,Measurement without activation.
